comparison,wilcoxon_W,p_value,median_diff
PSO vs GA,106.0,0.008142979815602303,0.7012356944994593
PSO vs random search,0.0,1.862645149230957e-09,-9.045550983768202
GA vs random search,0.0,1.862645149230957e-09,-9.194752808231417
PSO vs demand-proportional,0.0,1.862645149230957e-09,-7.557304892198426
